epoch,acc,average_class_precision,loss,top_5,val_acc,val_average_class_precision,val_loss,val_top_5
0,0.59025,0.5928028,1.1466689400672914,1.0,0.51479864,0.64093244,1.2297772040733925,1.0
1,0.7205,0.66270936,0.9032341461181641,1.0,0.5346919,0.6786013,1.3425803496287418,1.0
2,0.773,0.68997794,0.7993833651542663,1.0,0.70305675,0.70884174,0.95547592823322,1.0
